site,lat,long,urb16_1mi,urb16_5mi,urb16_25mi,urb92_1mi,urb92_5mi,urb92_25mi,crop08_1mi,crop08_5mi,crop08_25mi,crop19_1mi,crop19_5mi,crop19_25mi,crop_1mi,crop_5mi,crop_25mi,urb_1mi,urb_5mi,urb_25mi,urb25PerYear,crop25PerYear
MinidokaNationalWildlifeRefugeID,42.6479,-113.3544,0,0.012619,0.025897,0,0.001841,0.005123,0.000998,0.324042,0.009127,0.002177,0.00868,0.338685,0.001179,-0.315362,0.329558,-0.005123,0.010778,0.020774,0.000865583,0.029959818
LakeBerryessaCA,38.52,-122.15,0,0.017611,0.081893,0,0.003186,0.040509,0.002358,0.270211,0.002996,0.000181,0.003017,0.307478,-0.002177,-0.267194,0.304482,-0.040509,0.014425,0.041384,0.001724333,0.027680182
QuailRidgeEcologicalReserveCA,38.5,-122.17,0.014422,0.018269,0.081688,0.004989,0.003432,0.041306,0.001179,0.249569,0.001598,0,0.003045,0.284721,-0.001179,-0.246524,0.283123,-0.026884,0.014837,0.040382,0.001682583,0.025738455
MountDiabloCA,37.9511,-121.8871,0,0.276287,0.232731,0.000544,0.204809,0.165525,0,0.221235,0.004506,0.000272,0.008849,0.235519,0.000272,-0.212386,0.231013,-0.165525,0.071478,0.067206,0.00280025,0.021001182
MountHarrisonID,42.2845,-113.6485,0,0.004456,0.02408,0,0.000605,0.005493,0.018957,0.272343,0.043659,0.001542,0.049643,0.274606,-0.017415,-0.2227,0.230947,-0.005493,0.003851,0.018587,0.000774458,0.020995182
BigChicoCreekEcologicalReserve,39.8445,-121.7021,0.042177,0.027748,0.040703,0.004535,0.020835,0.022788,0,0.211813,0.000127,0.000181,0.000859,0.224844,0.000181,-0.210954,0.224717,0.019389,0.006913,0.017915,0.000746458,0.020428818
MedicineLakeMT,48.68,-104.6,0.008798,0.010901,0.016281,0,0.000088,0.001087,0.077279,0.512367,0.378146,0.159093,0.483127,0.591608,0.081814,-0.02924,0.213462,0.007711,0.010813,0.015194,0.000633083,0.019405636
SublettMountainsID,42.3782,-112.9948,0,0.001848,0.014659,0,0,0.001527,0,0.18605,0.017262,0,0.029874,0.199312,0,-0.156176,0.18205,-0.001527,0.001848,0.013132,0.000547167,0.01655
HighLineCanalCO,39.7243,-104.8472,0.999909,0.882171,0.308827,0.833379,0.679671,0.18485,0.000363,0.223337,0.051315,0.000091,0.043789,0.225199,-0.000272,-0.179548,0.173884,0.815059,0.2025,0.123977,0.005165708,0.015807636
MagicMountainID,42.1889,-114.2854,0.033469,0.010402,0.014019,0,0.000021,0.001727,0,0.172738,0.000264,0.000726,0.000271,0.174081,0.000726,-0.172467,0.173817,0.031742,0.010381,0.012292,0.000512167,0.015801545
TigardOR,45.43,-122.77,0.955193,0.757354,0.26373,0.875737,0.572342,0.187329,0.001088,0.157653,0.019332,0.001633,0.026587,0.18897,0.000544,-0.131066,0.169638,0.767864,0.185012,0.076401,0.003183375,0.015421636
GoodingCityofRocksID,43.1689,-114.6588,0.023946,0.004696,0.016982,0,0,0.003685,0.000181,0.164786,0.005347,0.000272,0.004242,0.1608,0.000091,-0.160544,0.155453,0.020261,0.004696,0.013297,0.000554042,0.014132091
PleasantviewHillsID,42.2471,-112.5267,0,0.010148,0.017953,0,0,0.00226,0.001088,0.211338,0.090971,0.000091,0.119716,0.246182,-0.000998,-0.091622,0.15521,-0.00226,0.010148,0.015693,0.000653875,0.01411
TrapperCreekID,42.1678,-113.98,0.001995,0.008381,0.015568,0,0.000046,0.00312,0.036009,0.17879,0.033113,0.026667,0.028695,0.180577,-0.009342,-0.150095,0.147464,-0.001125,0.008335,0.012448,0.000518667,0.013405818
LoryStateParkCO,40.57,-105.18,0.009977,0.182218,0.080734,0.000272,0.135665,0.038397,0.001451,0.175745,0.026344,0.000544,0.043233,0.170403,-0.000907,-0.132512,0.144059,-0.02842,0.046553,0.042337,0.001764042,0.013096273
RooseveltNationalForestCO,40.3653,-105.3253,0,0.006058,0.089336,0.000272,0.003675,0.042353,0.000091,0.158336,0.000137,0,0.000028,0.144074,-0.000091,-0.158308,0.143937,-0.042353,0.002383,0.046983,0.001957625,0.013085182
BennetHills,43.0833,-115.0663,0,0.002453,0.016249,0,0,0.003192,0,0.158042,0.013397,0,0.013193,0.153459,0,-0.144849,0.140062,-0.003192,0.002453,0.013057,0.000544042,0.012732909
Berger,42.4409,-114.7184,0,0.013957,0.032146,0,0.000172,0.008258,0.000907,0.256073,0.125535,0,0.117284,0.252965,-0.000907,-0.138789,0.12743,-0.008258,0.013785,0.023888,0.000995333,0.011584545
MarysPeakOR,44.51,-123.55,0.051973,0.050586,0.067433,0,0.000764,0.022191,0,0.155731,0.00188,0.000091,0.001443,0.127509,0.000091,-0.154288,0.125629,0.029782,0.049822,0.045242,0.001885083,0.011420818
ChatfieldNaturePreserveCO,39.88,-105.17,0.088798,0.375213,0.284207,0.014603,0.223127,0.188234,0.081361,0.144312,0.028892,0.02059,0.015006,0.138329,-0.060771,-0.129306,0.109437,-0.099436,0.152086,0.095973,0.003998875,0.009948818
BroomfieldCounty,39.9195,-105.0678,0.956463,0.671987,0.282713,0.550023,0.383595,0.187553,0.026757,0.216167,0.103302,0.015419,0.09163,0.211376,-0.011338,-0.124537,0.108074,0.76891,0.288392,0.09516,0.003965,0.009824909
SnowPeakOR,44.63,-122.58,0,0,0.040731,0,0,0.026586,0,0.109415,0.000011,0,0.000074,0.103005,0,-0.109341,0.102994,-0.026586,0,0.014145,0.000589375,0.009363091
LavaBedsNationalMonument,41.7668,-121.5253,0,0.010518,0.016081,0,0.000268,0.002798,0,0.115197,0.024971,0,0.030494,0.127658,0,-0.084703,0.102687,-0.002798,0.01025,0.013283,0.000553458,0.009335182
CalWoodOutdoorLearningCenterCO,40.15,-105.3902,0,0.01344,0.13196,0,0.01415,0.073073,0.000181,0.109866,0.000106,0,0.000056,0.094537,-0.000181,-0.10981,0.094432,-0.073073,-0.00071,0.058887,0.002453625,0.008584727
PortlandOR,45.58,-122.75,0.618775,0.583208,0.261086,0.485442,0.444326,0.189756,0.000907,0.099781,0.022694,0.003719,0.022908,0.115252,0.002812,-0.076873,0.092558,0.429019,0.138882,0.07133,0.002972083,0.008414364
BeniciaCA,38.0691,-122.1847,0.524717,0.400311,0.254518,0.396009,0.299885,0.192819,0.000272,0.087418,0.004598,0.021315,0.008166,0.096799,0.021043,-0.079251,0.092201,0.331898,0.100426,0.061699,0.002570792,0.008381909
ChumstickMtn,47.6507,-120.4509,0.071746,0.048879,0.045693,0.001361,0.001644,0.013109,0,0.092539,0.001295,0.000907,0.001232,0.092387,0.000907,-0.091307,0.091091,0.058637,0.047235,0.032584,0.001357667,0.008281
MonarchMT,47.05,-110.9333,0,0.001098,0.004186,0,0,0.000795,0,0.075015,0.003531,0.000181,0.002299,0.085605,0.000181,-0.072716,0.082075,-0.000795,0.001098,0.003391,0.000141292,0.007461364
BoiseFrontID,43.7127,-116.144,0,0.038249,0.084186,0,0.024429,0.041654,0.000544,0.102223,0.007139,0.000272,0.002869,0.088619,-0.000272,-0.099354,0.08148,-0.041654,0.01382,0.042532,0.001772167,0.007407273
OakCreekWA,46.7,-120.97,0.066757,0.041339,0.052594,0,0.00057,0.024272,0,0.078323,0.000229,0,0.000074,0.081684,0,-0.078249,0.081455,0.042485,0.040769,0.028322,0.001180083,0.007405
LandsEndRoadCO,39,-108.23,0,0.000021,0.0389,0,0.001045,0.018491,0,0.048005,0.00333,0.000272,0.01301,0.072137,0.000272,-0.034995,0.068807,-0.018491,-0.001024,0.020409,0.000850375,0.006255182
HastingsReservationCA,36.336,-121.4993,0.018776,0.013154,0.035357,0.00263,0.001471,0.018955,0,0.081008,0.000116,0.000816,0.000352,0.068109,0.000816,-0.080656,0.067993,-0.000179,0.011683,0.016402,0.000683417,0.006181182
LaidlawParkID,43.1548,-113.622,0,0,0.005187,0,0.000021,0.000657,0.000635,0.056921,0.000377,0,0.000018,0.063666,-0.000635,-0.056904,0.06329,-0.000657,-0.000021,0.00453,0.00018875,0.005753636
GraysLakeNationalWildlifeRefuge,43.048,-111.401,0,0.006748,0.009148,0,0.000018,0.001179,0.016508,0.075989,0.01132,0.005714,0.00604,0.073044,-0.010794,-0.069948,0.061724,-0.001179,0.00673,0.007969,0.000332042,0.005611273
PinnaclesNationalPark,36.4647,-121.1978,0,0.008124,0.026419,0.000091,0.00075,0.010695,0,0.066683,0.010757,0.000454,0.014777,0.071605,0.000454,-0.051906,0.060848,-0.010695,0.007374,0.015724,0.000655167,0.005531636
RattlesnakeJacksatSkinGulchLarimerCountyCO,40.67,-105.38,0.018413,0.0093,0.054506,0,0.00169,0.02765,0,0.064916,0.001148,0,0.000275,0.06121,0,-0.064642,0.060063,-0.009237,0.00761,0.026856,0.001119,0.005460273
UtopiaOR,44.5,-121,0.030295,0.02331,0.034935,0.002449,0.000419,0.009737,0.000544,0.088298,0.010205,0.000181,0.009275,0.070014,-0.000363,-0.079022,0.059809,0.020558,0.022891,0.025198,0.001049917,0.005437182
CheyenneWYCO,41.07,-104.9,0.116735,0.097008,0.029181,0.034467,0.08566,0.02086,0,0.026172,0.000271,0.009524,0.011134,0.058539,0.009524,-0.015038,0.058268,0.095875,0.011348,0.008321,0.000346708,0.005297091
GlenHavenCO,40.48,-105.47,0,0.004249,0.059234,0,0.002548,0.033682,0,0.061269,0.000201,0,0.000018,0.054232,0,-0.061251,0.054031,-0.033682,0.001701,0.025552,0.001064667,0.004911909
SonomaCo,38.3333,-122.6833,0.847347,0.224595,0.104248,0.49034,0.148549,0.06781,0.005624,0.056312,0.013179,0.008435,0.060689,0.067177,0.002812,0.004377,0.053998,0.779537,0.076046,0.036438,0.00151825,0.004908909
Monterey,36.5418,-121.8185,0.096236,0.199276,0.054105,0.108753,0.148098,0.034916,0.001361,0.08114,0.003246,0.000181,0.002591,0.05625,-0.001179,-0.078549,0.053004,0.06132,0.051178,0.019189,0.000799542,0.004818545
EugeneOR,44.0335,-123.0886,0.964535,0.506377,0.067168,0.912834,0.425845,0.054696,0.000091,0.087943,0.021074,0.00254,0.020782,0.068618,0.002449,-0.067161,0.047544,0.909839,0.080532,0.012472,0.000519667,0.004322182
FortCollinsCO,40.57,-105.08,0.99746,0.446709,0.085018,0.736508,0.276125,0.038708,0.001361,0.217196,0.165195,0.000544,0.164639,0.212706,-0.000816,-0.052557,0.047511,0.958752,0.170584,0.04631,0.001929583,0.004319182
YrekaCA,41.77,-122.7,0.01297,0.065824,0.043617,0,0.021697,0.003175,0.000091,0.053426,0.009912,0,0.010303,0.056987,-0.000091,-0.043123,0.047074,0.009795,0.044127,0.040442,0.001685083,0.004279455
PioneerMountainsMT,45.32,-112.85,0,0.001749,0.01004,0,0,0.001747,0,0.041396,0.000102,0,0.000077,0.047031,0,-0.041318,0.046929,-0.001747,0.001749,0.008293,0.000345542,0.004266273
OrganMountainsNM,32.3666,-106.65,0.004082,0.086533,0.033386,0,0.036552,0.014494,0,0.043782,0.000148,0,0.000922,0.04557,0,-0.04286,0.045422,-0.010412,0.049981,0.018892,0.000787167,0.004129273
SantaMargaritaCA,35.38,-120.6,0.096962,0.04292,0.058592,0.096054,0.030751,0.022864,0.058866,0.046989,0.016435,0.103129,0.027315,0.060825,0.044263,-0.019673,0.04439,0.074098,0.012169,0.035728,0.001488667,0.004035455
WestGlacierMT,48.4,-114.03,0.117188,0.032775,0.025947,0.094785,0.020039,0.012576,0.005079,0.037007,0.00057,0.00517,0.00082,0.044875,0.000091,-0.036187,0.044304,0.104612,0.012736,0.013371,0.000557125,0.004027636
LookoutMountainWA,47.2,-120.68,0.083356,0.055852,0.054561,0.000091,0.002341,0.018059,0.001723,0.048163,0.00427,0.000544,0.005769,0.048166,-0.001179,-0.042393,0.043896,0.065297,0.053511,0.036502,0.001520917,0.003990545
BigCreek,36.0732,-121.5132,0.024399,0.019673,0.013628,0.000635,0.004991,0.004081,0.000181,0.056438,0.000224,0.001905,0.000465,0.041986,0.001723,-0.055974,0.041761,0.020318,0.014682,0.009547,0.000397792,0.003796455
SouthernGravelliesMT,45.8667,-111.6833,0.013061,0.024066,0.019154,0,0.007586,0.003746,0.026395,0.138302,0.115253,0.017234,0.147193,0.156937,-0.009161,0.008891,0.041684,0.009315,0.01648,0.015408,0.000642,0.003789455
ColterCanyonGrantTetonNationalParkWY,43.93,-110.73,0,0.005878,0.008627,0,0.005308,0.001342,0,0.043,0.000049,0.000181,0.000116,0.041182,0.000181,-0.042884,0.041133,-0.001342,0.00057,0.007285,0.000303542,0.003739364
CratersoftheMoonID,43.43,-113.62,0.026576,0.008656,0.004544,0.004263,0.002119,0.000966,0,0.039174,0.002932,0,0.003165,0.043916,0,-0.03601,0.040984,0.02561,0.006537,0.003578,0.000149083,0.003725818
GilpinCo,39.8309,-105.4105,0.035465,0.046274,0.194253,0.004898,0.029501,0.144148,0.000181,0.045083,0.000165,0,0.000109,0.037418,-0.000181,-0.044974,0.037252,-0.108683,0.016773,0.050105,0.002087708,0.003386545
CottonwoodSpringCA,33.7441,-115.8173,0.020771,0.00458,0.021242,0.003628,0.001334,0.007242,0,0.04315,0,0,0,0.035059,0,-0.04315,0.035059,0.013529,0.003246,0.014,0.000583333,0.003187182
ChiefJosephHighway,44.7268,-109.374,0.023311,0.006836,0.010084,0,0,0.001865,0.000091,0.0317,0.000785,0.000091,0.0017,0.035699,0,-0.03,0.034914,0.021446,0.006836,0.008219,0.000342458,0.003174
NaturalCorralPreserveWY,44.75,-109.38,0.033197,0.00729,0.009884,0,0.000004,0.001864,0,0.031338,0.00088,0.000091,0.00183,0.035005,0.000091,-0.029508,0.034125,0.031333,0.007286,0.00802,0.000334167,0.003102273
SanpeteCountyUT,39.25,-111.55,0.030567,0.036957,0.025058,0.000091,0.012383,0.005441,0,0.070944,0.049967,0,0.056377,0.083893,0,-0.014567,0.033926,0.025126,0.024574,0.019617,0.000817375,0.003084182
TenmileCreekMT,46.56,-112.32,0.021043,0.004228,0.021133,0.004807,0.001274,0.009672,0,0.025378,0.001105,0.001814,0.001383,0.032406,0.001814,-0.023994,0.031301,0.011371,0.002954,0.011461,0.000477542,0.002845545
BorregoSpringsCA,33.25,-116.37,0.34712,0.07259,0.033808,0.358458,0.035295,0.006254,0.002358,0.035847,0.001408,0.017143,0.031782,0.031225,0.014785,-0.004065,0.029817,0.340866,0.037295,0.027554,0.001148083,0.002710636
RubyCreekValleyMT,45.08,-112.07,0.019592,0.0059,0.007134,0,0,0.00137,0.031293,0.03178,0.006776,0.035918,0.008212,0.036115,0.004626,-0.023568,0.029339,0.018222,0.0059,0.005764,0.000240167,0.002667182
CascadeSiskiyouNationalMonument,42.123,-122.4644,0.042358,0.012816,0.043714,0.013968,0.001165,0.016213,0.001723,0.027007,0.00095,0,0.000285,0.029282,-0.001723,-0.026722,0.028332,0.026145,0.011651,0.027501,0.001145875,0.002575636
GilpinCounty(uppercircle)COsplit,39.97,-105.5,0.236553,0.028762,0.125709,0.176054,0.032317,0.091643,0.000272,0.040462,0.000482,0,0.00006,0.028639,-0.000272,-0.040402,0.028157,0.14491,-0.003555,0.034066,0.001419417,0.002559727
AnzaBorregoDesertStateParkCA,33.27,-116.42,0.015601,0.057658,0.035717,0,0.030086,0.00701,0,0.035537,0.0015,0.007438,0.040329,0.029326,0.007438,0.004792,0.027827,0.008591,0.027572,0.028707,0.001196125,0.002529727
SantaMonicaMountainsCA,34.58,-118.7,0.0839,0.018783,0.114422,0.033469,0.006494,0.051142,0.000091,0.017506,0.000285,0,0.00006,0.025418,-0.000091,-0.017446,0.025132,0.032758,0.012289,0.06328,0.002636667,0.002284727
SequoiaNationalForestSouth,35.5333,-118.4833,0.009161,0.031202,0.017345,0,0.009627,0.003092,0,0.020009,0.00007,0.000091,0.000106,0.025141,0.000091,-0.019903,0.025071,0.006069,0.021575,0.014253,0.000593875,0.002279182
MetoliusOR,44.4733,-121.64,0.012426,0.010982,0.024432,0.001088,0.000655,0.006082,0.000091,0.03421,0.000278,0,0.000106,0.023124,-0.000091,-0.034105,0.022846,0.006344,0.010327,0.01835,0.000764583,0.002076909
LittlePendOreilleNationalWildlifeRefuge,48.5018,-117.6581,0.027211,0.007044,0.015044,0.001723,0.002158,0.009164,0.000091,0.026699,0.007772,0.000816,0.005055,0.030292,0.000726,-0.021644,0.02252,0.018047,0.004886,0.00588,0.000245,0.002047273
PointReyesCA,38.0833,-122.8667,0.039546,0.026967,0.08097,0.01805,0.006868,0.060367,0.000454,0.02819,0.000685,0.000272,0.003573,0.023005,-0.000182,-0.024617,0.02232,-0.020821,0.020099,0.020603,0.000858458,0.002029091
KernRiverValleyCA,35.73,-118.53,0.049161,0.029607,0.01422,0.002086,0.012373,0.002338,0,0.01867,0.000004,0.000091,0.000158,0.021958,0.000091,-0.018512,0.021955,0.046823,0.017234,0.011882,0.000495083,0.001995909
ONeillRegionalParkCA,33.72,-117.58,0.027211,0.128629,0.442954,0,0.050878,0.285272,0,0.013295,0.000264,0,0.000257,0.021817,0,-0.013038,0.021553,-0.258061,0.077751,0.157682,0.006570083,0.001959364
GospelHumpID,45.6167,-115.983,0,0,0.003968,0,0,0.001244,0,0.021658,0.000004,0.000091,0.000039,0.02032,0.000091,-0.021619,0.020317,-0.001244,0,0.002724,0.0001135,0.001847
AlbuquerqueNM,35.13,-106.43,0,0.193637,0.113818,0,0.142469,0.064321,0,0.014146,0.000366,0.000635,0.000363,0.020549,0.000635,-0.013784,0.020183,-0.064321,0.051168,0.049497,0.002062375,0.001834818
LincolnCaneRidgeWestMT,46.97,-112.57,0.025306,0.005079,0.00744,0,0.002436,0.001432,0.000272,0.015168,0.002126,0.001451,0.007653,0.022227,0.001179,-0.007515,0.020101,0.023874,0.002643,0.006008,0.000250333,0.001827364
SiskiyouCrest,42.0506,-122.8064,0.068118,0.070242,0.060253,0,0.000004,0.017756,0,0.012663,0.000042,0.000816,0.002221,0.019803,0.000816,-0.010441,0.019761,0.050362,0.070238,0.042497,0.001770708,0.001796455
PortalAZ,31.85,-109.1667,0,0.006737,0.004984,0,0.001936,0.000764,0,0.036556,0.000218,0.000091,0.000408,0.019897,0.000091,-0.036147,0.019679,-0.000764,0.004801,0.00422,0.000175833,0.001789
SantaYnezCanyon,34.0896,-118.6044,0.206168,0.256149,0.355888,0.264036,0.181056,0.288453,0,0.010781,0.000249,0.000181,0.000123,0.019683,0.000181,-0.010657,0.019434,-0.082285,0.075093,0.067435,0.002809792,0.001766727
SnowyRangeAlbanyCountyWY,45.37,-106.25,0,0.003256,0.003446,0,0,0.000911,0.001088,0.023915,0.012317,0.001088,0.014612,0.031357,0,-0.009304,0.01904,-0.000911,0.003256,0.002535,0.000105625,0.001730909
BerkeleyCA,37.872,-122.2577,0.840181,0.508073,0.275677,0.823764,0.477945,0.222221,0,0.026407,0.000235,0.007347,0.001387,0.018968,0.007347,-0.02502,0.018733,0.61796,0.030128,0.053456,0.002227333,0.001703
BoyceThompsonArboretum,33.295,-111.0946,0.205624,0.021483,0.021916,0.237551,0.012105,0.007989,0.000363,0.017923,0.00007,0.000091,0.000106,0.01874,-0.000272,-0.017817,0.018669,0.197635,0.009378,0.013927,0.000580292,0.001697182
SandiaMountainsNM,35.2,-106.43,0.032381,0.081742,0.110369,0.000635,0.049664,0.061044,0,0.013125,0.000359,0.001633,0.00031,0.018538,0.001633,-0.012815,0.018179,-0.028663,0.032078,0.049325,0.002055208,0.001652636
MarinCo,37.9663,-122.5655,0.693061,0.347803,0.174025,0.731701,0.329893,0.143608,0.000091,0.039058,0.014452,0.001088,0.010166,0.030954,0.000998,-0.028892,0.016502,0.549453,0.01791,0.030417,0.001267375,0.001500182
RoxboroughParkCO,39.43,-105.07,0.060952,0.05939,0.207205,0.000726,0.019427,0.131945,0.002086,0.028382,0.011014,0.001088,0.002091,0.027104,-0.000998,-0.026291,0.01609,-0.070993,0.039963,0.07526,0.003135833,0.001462727
RioArribaCountyNM,36.67,-106.25,0,0.005153,0.005467,0,0.000028,0.001399,0.00127,0.010433,0.002077,0.001451,0.002327,0.01731,0.000181,-0.008106,0.015234,-0.001399,0.005125,0.004068,0.0001695,0.001384909
KeblerPassEricksonSpringsCO,38.88,-107.21,0.009161,0.0056,0.010812,0,0,0.003671,0,0.009997,0.000426,0.000181,0.000447,0.01545,0.000181,-0.00955,0.015024,0.00549,0.0056,0.007141,0.000297542,0.001365818
EscalanteDesert,38.2,-113.25,0.013424,0.01106,0.010151,0,0.000004,0.001269,0,0.01747,0.000042,0,0.00019,0.014217,0,-0.01728,0.014174,0.012155,0.011056,0.008882,0.000370083,0.001288545
PaoniaReservoirGunnisonCountyCO,39.95,-107.35,0,0,0.004769,0,0,0.000528,0,0.01548,0.000007,0,0.000025,0.0138,0,-0.015456,0.013793,-0.000528,0,0.004241,0.000176708,0.001253909
CastleRocksStatePark,42.0594,-113.6803,0.003084,0.012862,0.009122,0,0.000292,0.000745,0.000091,0.098964,0.087624,0.000998,0.093956,0.101061,0.000907,-0.005008,0.013437,0.002339,0.01257,0.008377,0.000349042,0.001221545
GoodingCityofRocksNationalReserve,42.0594,-113.6803,0.003084,0.012862,0.009122,0,0.000292,0.000745,0.000091,0.098964,0.087624,0.000998,0.093956,0.101061,0.000907,-0.005008,0.013437,0.002339,0.01257,0.008377,0.000349042,0.001221545
MountPinosCA,34.17,-119.02,0.103583,0.261721,0.11354,0.017778,0.125837,0.068367,0.034467,0.081853,0.023873,0.016871,0.07907,0.036888,-0.017596,-0.002783,0.013015,0.035216,0.135884,0.045173,0.001882208,0.001183182
McDowellSonoranPreserve,33.7041,-111.7791,0,0.112236,0.265953,0,0.007308,0.154937,0,0.017107,0.002401,0,0.00315,0.014043,0,-0.013956,0.011642,-0.154937,0.104928,0.111016,0.004625667,0.001058364
AshlandOR,42.13,-122.6,0.035193,0.05298,0.052462,0.002177,0.02238,0.018119,0.017687,0.012576,0.005393,0.011973,0.004942,0.016452,-0.005714,-0.007634,0.011059,0.017074,0.0306,0.034343,0.001430958,0.001005364
RedCanyon,42.65,-108.75,0,0.001419,0.006889,0,0,0.001684,0.005261,0.015607,0.00396,0.005624,0.004171,0.014879,0.000363,-0.011435,0.010919,-0.001684,0.001419,0.005205,0.000216875,0.000992636
RockyMountainNationalParkCO,40.35,-105.62,0,0.027734,0.027994,0.005442,0.027161,0.017363,0.001633,0.018364,0.000197,0.000091,0.000123,0.010828,-0.001542,-0.01824,0.010631,-0.017363,0.000573,0.010631,0.000442958,0.000966455
WhiteMountains,37.582,-118.2478,0,0.000039,0.009437,0,0,0.003043,0,0.003394,0.000028,0.000454,0.00012,0.010512,0.000454,-0.003274,0.010484,-0.003043,0.000039,0.006394,0.000266417,0.000953091
LostCreekGrandTetonNationalParkWY,43.75,-110.6,0.029025,0.007399,0.008125,0.012698,0.00207,0.002832,0.000272,0.016601,0.000549,0.000091,0.000169,0.010881,-0.000181,-0.016432,0.010332,0.026193,0.005329,0.005293,0.000220542,0.000939273
SugariteCanyonNMLakeDorotheyCO,37,-104.35,0,0.002756,0.00957,0,0.00018,0.004202,0.001361,0.008915,0.001535,0.000726,0.001739,0.011627,-0.000635,-0.007176,0.010092,-0.004202,0.002576,0.005368,0.000223667,0.000917455
YubaPassCA,39.6619,-120.5519,0,0.022595,0.016189,0,0.000004,0.00341,0,0.006266,0.001989,0,0.000873,0.011925,0,-0.005393,0.009936,-0.00341,0.022591,0.012779,0.000532458,0.000903273
RattlesnakeSpringNM,32.1,-104.47,0,0.00585,0.016962,0.003719,0.001577,0.006072,0.130068,0.018193,0.006174,0.120726,0.005914,0.016088,-0.009342,-0.012279,0.009914,-0.006072,0.004273,0.01089,0.00045375,0.000901273
BigBearCA,34.2432,-116.8249,0.432834,0.153058,0.103653,0.293605,0.062037,0.066839,0.000272,0.007075,0.000134,0.000816,0.000275,0.009752,0.000544,-0.006801,0.009618,0.365995,0.091021,0.036814,0.001533917,0.000874364
SouthLakeTahoe,38.8468,-120.041,0.152472,0.085811,0.033642,0.102222,0.070819,0.019575,0,0.006344,0.00006,0,0.000405,0.009016,0,-0.005939,0.008956,0.132897,0.014992,0.014067,0.000586125,0.000814182
MountShastaCA,41.25,-122.25,0.086531,0.057126,0.018794,0.020408,0.020895,0.004266,0.000454,0.008121,0.001591,0.000091,0.000623,0.010212,-0.000363,-0.007497,0.008621,0.082265,0.036231,0.014528,0.000605333,0.000783727
CottonwoodPassGunnisonChaffeeCountiesCO,38.83,-106.41,0.027664,0.004953,0.007783,0,0,0.002283,0,0.007904,0,0,0.000011,0.008463,0,-0.007894,0.008463,0.025381,0.004953,0.0055,0.000229167,0.000769364
SanJuanCapistranoCA,33.48,-117.65,0.62195,0.438986,0.205392,0.310476,0.239548,0.120302,0,0.003635,0.000279,0.003628,0.003034,0.008732,0.003628,-0.000601,0.008453,0.501648,0.199438,0.08509,0.003545417,0.000768455
BeartoothButteWY,44.93,-109.6,0.015873,0.007864,0.003729,0,0.000011,0.000817,0,0.008011,0.000042,0,0.000046,0.008084,0,-0.007965,0.008042,0.015056,0.007853,0.002912,0.000121333,0.000731091
SycamoreCreekAZ,33.8,-111.48,0.029116,0.006621,0.057868,0,0,0.021301,0,0.009367,0,0,0,0.007931,0,-0.009367,0.007931,0.007815,0.006621,0.036567,0.001523625,0.000721
SevilletaNationalWildlifeRefugeWest,34.3515,-106.8823,0.045986,0.018927,0.013326,0.012517,0.00579,0.005783,0.000726,0.004924,0.002559,0.004082,0.006399,0.010279,0.003356,0.001476,0.00772,0.040203,0.013137,0.007543,0.000314292,0.000701818
NorthForkKernRiverValleyCA,35.7735,-118.4706,0,0.033437,0.010907,0,0.018054,0.002156,0,0.007835,0.000197,0,0.000116,0.007832,0,-0.007719,0.007635,-0.002156,0.015383,0.008751,0.000364625,0.000694091
KingstonCreek,39.2135,-117.1207,0,0.006047,0.003848,0,0.000232,0.000779,0.000726,0.011104,0.001834,0.000272,0.001327,0.009357,-0.000454,-0.009777,0.007523,-0.000779,0.005815,0.003069,0.000127875,0.000683909
MaroonLakePitkinCountyCO,39.1,-106.95,0,0.003816,0.011541,0,0,0.004534,0,0.005483,0.000042,0.000091,0.000077,0.00744,0.000091,-0.005405,0.007398,-0.004534,0.003816,0.007007,0.000291958,0.000672545
UpperGallinasRiverWatershed,35.6967,-105.3828,0,0,0.008648,0.016962,0.001742,0.003599,0.004082,0.001365,0.000447,0.003719,0.000757,0.007356,-0.000363,-0.000608,0.006909,-0.003599,-0.001742,0.005049,0.000210375,0.000628091
BlackfootValleyMT,47.08,-112.92,0,0.005298,0.00423,0,0.000032,0.00058,0.000272,0.008678,0.005998,0.000181,0.006333,0.011963,-0.000091,-0.002346,0.005965,-0.00058,0.005266,0.00365,0.000152083,0.000542273
OchocoOR,44.3667,-120.2667,0,0,0.005407,0,0,0.000332,0.018503,0.011052,0.002556,0.000363,0.000327,0.008482,-0.018141,-0.010725,0.005926,-0.000332,0,0.005075,0.000211458,0.000538727
LosAlamosNM,35.8797,-106.3216,0.472109,0.076518,0.030606,0.323628,0.03865,0.022071,0.002902,0.00514,0.001799,0.000454,0.001482,0.007425,-0.002449,-0.003658,0.005626,0.450038,0.037868,0.008535,0.000355625,0.000511455
SanFranciscoCA(old),37.78,-122.42,0.962993,0.450176,0.240112,0.965714,0.414018,0.207394,0,0.013112,0.000799,0.005079,0.002971,0.006239,0.005079,-0.010142,0.00544,0.755599,0.036158,0.032718,0.00136325,0.000494545
JoshuaTreeCA,34.0167,-116.1667,0.029569,0.006611,0.087036,0,0.000063,0.056779,0,0.009946,0,0,0.000004,0.005051,0,-0.009943,0.005051,-0.02721,0.006548,0.030257,0.001260708,0.000459182
UCLACampusLosAngelesCA,34.07,-118.45,0.902494,0.687267,0.440931,0.790748,0.663884,0.374704,0.000091,0.000593,0.000018,0.000091,0.000035,0.004611,0,-0.000557,0.004593,0.52779,0.023383,0.066227,0.002759458,0.000417545
HillsdaleCountyCO,38.03,-107.38,0,0.01006,0.0065,0,0.004069,0.000875,0,0.005287,0.000239,0.000091,0.000165,0.004801,0.000091,-0.005122,0.004561,-0.000875,0.005991,0.005625,0.000234375,0.000414636
SanFranciscoCA,37.7643,-122.4385,0.918005,0.497876,0.230587,0.912109,0.454453,0.201077,0,0.009996,0.000736,0.008707,0.003288,0.004654,0.008707,-0.006708,0.003917,0.716928,0.043423,0.02951,0.001229583,0.000356091
LaSalMountains,38.5227,-109.3385,0,0,0.006678,0,0.001535,0.003904,0,0.003317,0.00145,0.000091,0.001204,0.005197,0.000091,-0.002114,0.003747,-0.003904,-0.001535,0.002774,0.000115583,0.000340636
GothictoBrushCreekCowCampCO,38.93,-106.93,0.004444,0.02879,0.008592,0,0.00892,0.003064,0,0.004456,0.000056,0,0.000183,0.003428,0,-0.004273,0.003371,0.00138,0.01987,0.005528,0.000230333,0.000306455
SabinoCanyonAZ,32.3656,-110.7774,0,0.063209,0.12264,0,0.030487,0.073709,0,0.004748,0.000876,0,0.00031,0.004218,0,-0.004439,0.003341,-0.073709,0.032722,0.048931,0.002038792,0.000303727
SilverwoodLakeCA,34.28,-117.33,0.094512,0.092534,0.277516,0.013696,0.063378,0.163219,0.000091,0.001162,0.000215,0,0.000025,0.003401,-0.000091,-0.001138,0.003186,-0.068707,0.029156,0.114297,0.004762375,0.000289636
VashonIslandWA,47.422,-122.4605,0.310295,0.111314,0.36568,0.390839,0.131508,0.287472,0.000275,0.004836,0.000718,0.001905,0.000813,0.003777,0.00163,-0.004023,0.00306,0.022823,-0.020194,0.078208,0.003258667,0.000278182
HorseshoeMountainCO,39,-106,0,0.005361,0.011615,0,0.003312,0.008266,0,0.002791,0.000109,0,0.00038,0.003153,0,-0.00241,0.003044,-0.008266,0.002049,0.003349,0.000139542,0.000276727
MethowValleyWA,48.52,-120.13,0.05941,0.062259,0.033455,0.003175,0.017385,0.005473,0,0.009969,0.005565,0,0.003203,0.008558,0,-0.006766,0.002992,0.053937,0.044874,0.027982,0.001165917,0.000272
SantaFeNM,35.7184,-105.8488,0.012698,0.03784,0.027342,0.000272,0.055215,0.022173,0,0.001998,0.000134,0.000091,0.000222,0.003049,0.000091,-0.001776,0.002915,-0.009475,-0.017375,0.005169,0.000215375,0.000265
SanBrunoMountainCA,37.6875,-122.4363,0.362358,0.563218,0.232054,0.167891,0.481648,0.205287,0,0.005705,0.000484,0.001542,0.001943,0.003343,0.001542,-0.003762,0.002859,0.157071,0.08157,0.026767,0.001115292,0.000259909
JarbidgeNV,41.83,-115.43,0,0.000004,0.001893,0,0,0.000259,0.000363,0.004663,0.000197,0.000091,0.000292,0.002991,-0.000272,-0.004371,0.002794,-0.000259,0.000004,0.001634,6.80833E-05,0.000254
PomonaCA,34.12,-117.72,0.866667,0.625839,0.454921,0.708481,0.508587,0.323019,0.001361,0.00153,0.00026,0,0.0005,0.002632,-0.001361,-0.00103,0.002372,0.543648,0.117252,0.131902,0.005495917,0.000215636
GiantSequoiaNationalMonumentSouth,36,-118.4833,0.004535,0.010838,0.007858,0,0.000947,0.001598,0,0.002651,0,0.000091,0.000014,0.001794,0.000091,-0.002637,0.001794,0.002937,0.009891,0.00626,0.000260833,0.000163091
DowMountainWA,47.43,-123.18,0.093424,0.071703,0.068888,0.000544,0.014006,0.038439,0,0.001344,0.000317,0,0.000436,0.002065,0,-0.000908,0.001748,0.054985,0.057697,0.030449,0.001268708,0.000158909
GlassMountain,37.784,-118.777,0,0.000099,0.008675,0,0,0.002606,0,0.000046,0.000004,0,0.000141,0.001643,0,0.000094,0.00164,-0.002606,0.000099,0.006069,0.000252875,0.000149091
ButterflyValley,40.0179,-120.991,0.00127,0.018551,0.015628,0.001179,0.003425,0.005211,0,0.000561,0.000391,0.000091,0.001809,0.002011,0.000091,0.001249,0.00162,-0.003941,0.015126,0.010417,0.000434042,0.000147273
DardenellesCA,38.3411,-119.8333,0.038095,0.006202,0.00726,0,0,0.00209,0,0.000053,0,0,0.000011,0.001544,0,-0.000043,0.001544,0.036005,0.006202,0.00517,0.000215417,0.000140364
WestonPassLakeParkCountiesCO,39.13,-106.18,0,0,0.013607,0,0.000172,0.00756,0,0.001224,0,0.000998,0.000151,0.001412,0.000998,-0.001073,0.001412,-0.00756,-0.000172,0.006047,0.000251958,0.000128364
ButterbredtJawboneKelso,35.4306,-118.2188,0,0.000042,0.023109,0,0.000095,0.003479,0,0.000514,0.000092,0,0.00018,0.001335,0,-0.000334,0.001244,-0.003479,-0.000053,0.01963,0.000817917,0.000113091
OrangeCountyCA,33.7,-117.82,0.81034,0.887658,0.430382,0.464036,0.592244,0.311776,0,0.000645,0.001155,0.000272,0.009092,0.002392,0.000272,0.008447,0.001237,0.498564,0.295414,0.118606,0.004941917,0.000112455
ClatsopOR,46.0167,-123.7833,0.05161,0.054075,0.041656,0.000272,0.00252,0.010901,0,0.00199,0.000035,0,0.000042,0.001116,0,-0.001947,0.001081,0.040709,0.051555,0.030755,0.001281458,9.82727E-05
LakeCleElumWA,47.42,-121.29,0,0.033461,0.033444,0,0.002218,0.007093,0,0.000866,0.000014,0,0.000021,0.00107,0,-0.000844,0.001056,-0.007093,0.031243,0.026351,0.001097958,0.000096
MountBadenPowellCA,34.37,-117.77,0.03737,0.030976,0.263365,0.0039,0.005829,0.172666,0,0.000721,0.000004,0,0,0.000887,0,-0.000721,0.000883,-0.135296,0.025147,0.090699,0.003779125,8.02727E-05
MalibuCA,34,-118,0.424127,0.829543,0.576245,0.393016,0.741898,0.482845,0.000091,0.000246,0.000257,0.000181,0.000113,0.00109,0.000091,-0.000133,0.000833,-0.058718,0.087645,0.0934,0.003891667,7.57273E-05
SantaRitaMountains,31.7268,-110.8807,0,0.000275,0.031213,0.062313,0.002724,0.006578,0.000998,0.000524,0.000042,0,0.000007,0.000665,-0.000998,-0.000517,0.000622,-0.006578,-0.002449,0.024635,0.001026458,5.65455E-05
MountLassen,40.4609,-121.404,0,0.003562,0.014342,0,0,0.003343,0,0.000362,0.000123,0,0.000264,0.000716,0,-0.000098,0.000593,-0.003343,0.003562,0.010999,0.000458292,5.39091E-05
AtascosaHighlandsAZ,31.48,-111.16,0,0.002524,0.015583,0,0.000356,0.004972,0,0.00064,0,0,0.000046,0.00055,0,-0.000595,0.00055,-0.004972,0.002168,0.010611,0.000442125,0.00005
LovelandPassCO,39.67,-105.88,0.07483,0.025087,0.024701,0.016236,0.010124,0.014601,0.000091,0.00102,0.000007,0,0.000028,0.000262,-0.000091,-0.000992,0.000254,0.060229,0.014963,0.0101,0.000420833,2.30909E-05
PasadenaCA,34.173,-117.9912,0.192653,0.375337,0.478369,0.175782,0.35378,0.388927,0,0.000161,0.000074,0,0.00007,0.000305,0,-0.00009,0.000231,-0.196274,0.021557,0.089442,0.00372675,0.000021
YosemiteNationalPark,37.9282,-119.2486,0.042449,0.005287,0.006894,0,0.000077,0.002099,0,0.000007,0.000004,0,0.000092,0.000152,0,0.000085,0.000149,0.04035,0.00521,0.004795,0.000199792,1.35455E-05
TecatePeakCA,32.6,-116.33,0.024762,0.028646,0.020681,0,0.005618,0.004029,0,0.000168,0.000014,0.000544,0.00032,0.000143,0.000544,0.000152,0.000129,0.020733,0.023028,0.016652,0.000693833,1.17273E-05
BrowderRidgeOR,44.3158,-122.0855,0,0.007216,0.008093,0,0.000035,0.001808,0,0.000507,0.000162,0,0.000014,0.000261,0,-0.000493,0.000099,-0.001808,0.007181,0.006285,0.000261875,0.000009
PalosVerdesCA,33.7333,-118.3667,0.268481,0.377269,0.302786,0.159819,0.339844,0.272934,0,0.000298,0.000041,0.000091,0.000493,0.000099,0.000091,0.000195,0.000057,-0.004453,0.037425,0.029852,0.001243833,5.18182E-06
YellowPineID,44.9265,-115.4847,0.012608,0.003024,0.000973,0,0.002094,0.000487,0,0.000035,0,0.000454,0.000049,0.000051,0.000454,0.000015,0.000051,0.012121,0.00093,0.000486,0.00002025,4.63636E-06
GrandCanyonDesertView,36.0244,-111.8554,0.019682,0.005861,0.00501,0,0.000422,0.000797,0,0.000007,0,0,0,0.000002,0,-0.000007,0.000002,0.018885,0.005439,0.004213,0.000175542,1.81818E-07
Helena,52,-112,-9999,-9999,-9999,-9999,-9999,-9999,-9999,-9999,-9999,-9999,-9999,-9999,0,0,0,0,0,0,0,0
GrandCanyonSouthRim,35.989,-112.1221,0.055329,0.027115,0.004336,0.035556,0.00628,0.000503,0,0.000009,0.000007,0,0,0.000001,0,-0.000009,-0.000006,0.054826,0.020835,0.003833,0.000159708,-5.45455E-07
GrandCanyonNorthRim,36.1954,-112.0374,0.005351,0.007663,0.002875,0,0,0.000283,0,0.000009,0.000011,0,0,0,0,-0.000009,-0.000011,0.005068,0.007663,0.002592,0.000108,-0.000001
HallValleyParkCountyCO,39.47,-105.8,0,0.002619,0.021539,0,0.001155,0.013839,0,0.000435,0.000225,0,0.000035,0.000149,0,-0.000399,-0.000076,-0.013839,0.001464,0.0077,0.000320833,-6.90909E-06
GuadalupeCanyonAZNM,31.33,-109.07,0,0,0.000851,0,0,0.000124,0.002884,0.000793,0.00027,0.002177,0.00031,0.000167,-0.000707,-0.000483,-0.000103,-0.000124,0,0.000727,3.02917E-05,-9.36364E-06
LittleBlueMountainCO,38.88,-105.33,0.008707,0.01784,0.020802,0,0.003274,0.012071,0.000272,0.00081,0.001204,0.000363,0.000764,0.001056,0.000091,-0.000047,-0.000148,-0.003364,0.014566,0.008731,0.000363792,-1.34545E-05
SpringervilleAZ,34.08,-109.32,0.013424,0.049903,0.007656,0,0.033458,0.003284,0,0.000073,0.00031,0,0,0.000005,0,-0.000073,-0.000305,0.01014,0.016445,0.004372,0.000182167,-2.77273E-05
PatagoniaAZ,31.5072,-110.6908,0.016599,0.013218,0.020975,0,0.004745,0.008219,0.000635,0.000767,0.001102,0,0.000056,0.000523,-0.000635,-0.00071,-0.000579,0.00838,0.008473,0.012756,0.0005315,-5.26364E-05
WesternWahkiakumCo,46.3568,-123.5813,0.065034,0.089842,0.057184,0.06449,0.007272,0.016917,0.007528,0.003223,0.002925,0.005351,0.000834,0.00188,-0.002177,-0.002389,-0.001045,0.048117,0.08257,0.040267,0.001677792,-0.000095
ElDoradoNatureCenterCA,33.8095,-118.0869,0.944853,0.88499,0.514583,0.71483,0.759713,0.430159,0.000091,0.000293,0.002167,0.000181,0.000535,0.001035,0.000091,0.000242,-0.001132,0.514694,0.125277,0.084424,0.003517667,-0.000102909
Cottonwood,34.738,-112.0353,0.603628,0.129343,0.036076,0.33932,0.075691,0.015017,0.001995,0.000748,0.002066,0.000272,0.001221,0.000793,-0.001723,0.000474,-0.001273,0.588611,0.053652,0.021059,0.000877458,-0.000115727
SevenDevilsID,45.3667,-116.4333,0.007347,0.009004,0.002886,0,0.001243,0.000374,0.000998,0.004427,0.004221,0.000272,0.001397,0.002395,-0.000726,-0.003029,-0.001826,0.006973,0.007761,0.002512,0.000104667,-0.000166
OvandoMT,47.02,-113.23,0.014785,0.00679,0.005543,0,0.000887,0.000832,0.033651,0.008622,0.01484,0.047528,0.025629,0.012687,0.013877,0.017007,-0.002154,0.013953,0.005903,0.004711,0.000196292,-0.000195818
YellowstoneNationalPark,44.9764,-110.6996,0.087528,0.013323,0.004241,0.019864,0.002108,0.000626,0.021859,0.002264,0.005361,0.000816,0.001823,0.0024,-0.021043,-0.000441,-0.002961,0.086902,0.011215,0.003615,0.000150625,-0.000269182
CarlsbadNM,32.45,-104.3,0.024308,0.132036,0.027011,0.007256,0.096072,0.008197,0.000363,0.027666,0.02753,0,0.027058,0.024538,-0.000363,-0.000608,-0.002992,0.016111,0.035964,0.018814,0.000783917,-0.000272
BlueLakeCA,40.87,-124,0.149025,0.123102,0.05543,0.129705,0.081446,0.017206,0.000272,0.003896,0.003911,0.000091,0.000099,0.000289,-0.000181,-0.003798,-0.003622,0.131819,0.041656,0.038224,0.001592667,-0.000329273
SouthForkKernRiverValleyCA,35.6413,-118.1873,0,0.015967,0.013613,0,0.003372,0.002835,0,0.000468,0.005203,0,0.006199,0.001514,0,0.005731,-0.003689,-0.002835,0.012595,0.010778,0.000449083,-0.000335364
SignalMountainGrantTetonNationalParkWY,43.85,-110.57,0.017868,0.014499,0.006098,0,0.005308,0.002459,0.000907,0.007188,0.006776,0.000091,0.000514,0.002857,-0.000816,-0.006674,-0.003919,0.015409,0.009191,0.003639,0.000151625,-0.000356273
FallCityWA,47.57,-121.92,0.235556,0.218051,0.26018,0.175147,0.083421,0.195282,0.052336,0.015506,0.01759,0.070658,0.023457,0.012759,0.018322,0.007952,-0.00483,0.040274,0.13463,0.064898,0.002704083,-0.000439091
PugetPrairiesWA,46.83,-122.95,0.131973,0.112806,0.104324,0.027664,0.044289,0.054396,0.021043,0.01608,0.017234,0.009433,0.016762,0.011806,-0.01161,0.000683,-0.005428,0.077577,0.068517,0.049928,0.002080333,-0.000493455
BryceCanyonUT,37.6055,-112.1576,0.019773,0.016389,0.013038,0.000544,0.003168,0.001548,0.000091,0.005787,0.013591,0,0.013197,0.007354,-0.000091,0.007409,-0.006237,0.018225,0.013221,0.01149,0.00047875,-0.000567
GrouseCreek,41.7511,-113.856,0.027483,0.005498,0.003584,0,0.00069,0.000061,0.168798,0.016535,0.027562,0.191927,0.028632,0.018486,0.023129,0.012097,-0.009076,0.027422,0.004808,0.003523,0.000146792,-0.000825091
MPGRanch,46.6808,-114.0284,0.000635,0.034429,0.02503,0,0.002939,0.00943,0.085986,0.01492,0.029656,0.071292,0.03181,0.019656,-0.014694,0.016891,-0.01,-0.008795,0.03149,0.0156,0.00065,-0.000909091
RamseyCanyonAZ,31.424,-110.2238,0.074467,0.069718,0.017108,0.022857,0.048217,0.009455,0,0.003709,0.010873,0,0.000461,0.000651,0,-0.003248,-0.010223,0.065012,0.021501,0.007653,0.000318875,-0.000929364
CosumnesRiverCA,38.3503,-121.4358,0.060045,0.204024,0.195548,0.002086,0.065568,0.12379,0.652517,0.440717,0.506025,0.857778,0.590195,0.495462,0.205261,0.149478,-0.010563,-0.063745,0.138456,0.071758,0.002989917,-0.000960273
SugariteStateRecreationAreaNM,36.97,-104.17,0,0.003122,0.010071,0,0,0.004422,0.001723,0.008171,0.024577,0,0.00534,0.0096,-0.001723,-0.002831,-0.014977,-0.004422,0.003122,0.005649,0.000235375,-0.001361545
OphirCanyon,38.9383,-117.245,0,0.005597,0.003475,0,0,0.000181,0.000816,0.006546,0.01999,0,0.009064,0.004749,-0.000816,0.002518,-0.015241,-0.000181,0.005597,0.003294,0.00013725,-0.001385545
SapphireMountainsMT,46.85,-114.15,0.013243,0.122293,0.023848,0,0.050635,0.009518,0.001814,0.011078,0.035809,0.000454,0.051674,0.016271,-0.001361,0.040596,-0.019539,0.003725,0.071658,0.01433,0.000597083,-0.001776273
AikenCanyonCO,38.62,-104.5,0.004717,0.012454,0.095663,0,0.001035,0.058496,0.054966,0.016914,0.034848,0.000544,0.013232,0.013624,-0.054422,-0.003682,-0.021225,-0.053779,0.011419,0.037167,0.001548625,-0.001929545
SouthSanFranciscoBayCA,37.48,-122.05,0.001905,0.324543,0.286506,0.00644,0.289261,0.230966,0,0.006159,0.032261,0,0.023281,0.006461,0,0.017123,-0.0258,-0.229061,0.035282,0.05554,0.002314167,-0.002345455
ChamaValleyNM,36.8,-106.55,0.021587,0.008941,0.006069,0,0.006044,0.001752,0.04127,0.008304,0.044894,0.051066,0.087184,0.015364,0.009796,0.07888,-0.029531,0.019835,0.002897,0.004317,0.000179875,-0.002684636
FiveValleysMT,46.9145,-114.0312,0.337868,0.262305,0.022892,0.10839,0.131821,0.009188,0.034739,0.011285,0.047478,0.022222,0.05563,0.016786,-0.012517,0.044345,-0.030692,0.32868,0.130484,0.013704,0.000571,-0.002790182
MortonElrodMemorialMT,46.53,-114.1,0.095057,0.058253,0.024448,0.004172,0.005625,0.010597,0.053061,0.012821,0.060333,0.036281,0.067817,0.01698,-0.01678,0.054996,-0.043353,0.08446,0.052628,0.013851,0.000577125,-0.003941182
SalmonID,45.18,-113.88,0.298685,0.049833,0.00519,0.228844,0.030293,0.001609,0.10195,0.007995,0.065177,0.05424,0.036034,0.005333,-0.04771,0.02804,-0.059843,0.297076,0.01954,0.003581,0.000149208,-0.005440273
NorthWarnerMountains,41.8985,-120.1816,0.0078,0.010021,0.007187,0.000272,0.001475,0.001945,0,0.03729,0.087219,0.000091,0.064212,0.026639,0.000091,0.026922,-0.06058,0.005855,0.008546,0.005242,0.000218417,-0.005507273
RavalliMT,46.38,-114.17,0.04127,0.046253,0.012467,0,0.007871,0.003325,0.037007,0.012298,0.080658,0.03102,0.109064,0.01586,-0.005986,0.096766,-0.064798,0.037945,0.038382,0.009142,0.000380917,-0.005890727
CamasNationalWildlifeRefugeID,43.9653,-112.2643,0.02576,0.022268,0.021345,0,0.005421,0.004465,0.273107,0.272316,0.34649,0.255147,0.33599,0.263916,-0.01796,0.063674,-0.082574,0.021295,0.016847,0.01688,0.000703333,-0.007506727
BearLakeNationalWildlifeRefuge,42.1714,-111.3245,0,0.031582,0.014266,0,0.009043,0.002036,0.001723,0.090437,0.17542,0.000998,0.16592,0.083136,-0.000726,0.075483,-0.092284,-0.002036,0.022539,0.01223,0.000509583,-0.008389455
TetonBasinIDWY,43.62,-111.12,0.153379,0.055444,0.015126,0.019048,0.002999,0.003407,0.608435,0.130141,0.246662,0.592018,0.226387,0.134182,-0.016417,0.096246,-0.11248,0.149972,0.052445,0.011719,0.000488292,-0.010225455
BidwellParkCA,39.73,-121.86,0.833197,0.27994,0.053152,0.763719,0.203165,0.031254,0.157007,0.353256,0.496168,0.166077,0.511646,0.37369,0.00907,0.15839,-0.122478,0.801943,0.076775,0.021898,0.000912417,-0.011134364
FourCornersWY,44.08,-104.14,0.039728,0.008508,0.008225,0,0.000011,0.002654,0.541315,0.063684,0.192774,0.661406,0.251801,0.058558,0.120091,0.188117,-0.134216,0.037074,0.008497,0.005571,0.000232125,-0.012201455
LowerKlamathLakeNorth,42,-121.75,0.021134,0.015886,0.028479,0.00517,0.003971,0.009714,0.654875,0.164704,0.340714,0.631746,0.375298,0.17498,-0.023129,0.210594,-0.165734,0.01142,0.011915,0.018765,0.000781875,-0.015066727
KlamathFallsOR,42.17,-121.75,0.510658,0.207048,0.028212,0.28263,0.133261,0.010242,0.247166,0.165082,0.354987,0.219229,0.363136,0.17021,-0.027937,0.198054,-0.184777,0.500416,0.073787,0.01797,0.00074875,-0.016797909
BentonCountyWA,46.25,-119.75,0.209615,0.118392,0.05694,0.02585,0.049449,0.028207,0.659501,0.366091,0.584018,0.710567,0.610161,0.393838,0.051066,0.24407,-0.19018,0.181408,0.068943,0.028733,0.001197208,-0.017289091
HagermanID,42.8196,-114.8988,0.169161,0.044257,0.035649,0.101587,0.007455,0.009821,0.269297,0.269135,0.456174,0.283265,0.333744,0.260818,0.013968,0.064609,-0.195356,0.15934,0.036802,0.025828,0.001076167,-0.017759636
SanJoaquinCo,38.1544,-121.3018,0.520816,0.182672,0.110296,0.372789,0.10917,0.054807,0.310839,0.459326,0.71975,0.339592,0.755531,0.523008,0.028753,0.296205,-0.196742,0.466009,0.073502,0.055489,0.002312042,-0.017885636
TwinFalls,42.5563,-114.4733,0.901224,0.236862,0.039312,0.794649,0.112993,0.0092,0.087256,0.372193,0.567625,0.074739,0.561535,0.365472,-0.012517,0.189342,-0.202153,0.892024,0.123869,0.030112,0.001254667,-0.018377545
WillowSlough,38.5827,-121.7164,0.099955,0.158419,0.170857,0.026122,0.092221,0.104914,0.776961,0.486514,0.790657,0.849887,0.817712,0.532563,0.072926,0.331198,-0.258094,-0.004959,0.066198,0.065943,0.002747625,-0.023463091